Производитель;Артикул;Наименование;Наличие;Срок поставки, дн.;Цена;Мин. партия
;;;4;0;2780;1
;;;8;0;6500;1
;;;0;0;3500;1
;;;2;0;3750;1
;;;4;0;10000;1
OZ Racing;;OZ Racing Versilia;99;0;7500;1
Replica;GM23;Replica GM23;99;0;3500;1
Скад;;Скад Форвард;96;0;3750;1
Roner;RN3205;Roner RN3202;100;0;15800;1
OZ Racing;;OZ Racing Power;100;0;18500;1
Mi-tech;;Mi-tech MK-F40S;100;0;8700;1
OZ Racing;;OZ Racing Raffaello;100;0;22500;1
Replica;FD24;Replica FD24;100;0;5450;1
Replica;B70;Replica B70;100;0;4700;1
Replica;CI32;Replica CI32;100;0;5300;1
Kumho;kw22;Kumho I'Zen KW22 215/55 R17 98T;98;0;3500;1
Hankook;V12;Hankook Ventus V12 evo2 K120;99;0;5800;1
Continental;;Continental ContiEcoContact 3;100;0;4585;1
Nokian;;Nokian Hakka Green;100;0;5800;1
Yokohama;;Yokohama Ice Guard IG50;100;0;7300;1
Goodyear;;Goodyear Eagle F1 Asymmetric 2;100;0;6800;1
Pirelli;;Pirelli Formula Ice;100;0;7900;1
Michelin;;Michelin Pilot Super Sport;100;0;5200;1
Bridgestone;;Bridgestone Blizzak VRX;100;0;7200;1
Dunlop;;Dunlop SP Sport Maxx;100;0;4200;1
Hankook;;Hankook Ventus S1 Evo 2 K117;100;0;4800;1
Continental;;Continental Conti4x4IceContact;100;0;5000;1
Continental;;Continental ContiSportContact 3;100;0;8500;1
Nokian;;Nokian Hakkapeliitta 7 SUV;100;0;9100;1
Michelin;;Michelin Alpin 5;100;0;5400;1
Pirelli;;Pirelli Scorpion Verde All Season;100;0;7300;1
Bridgestone;;Bridgestone Ice Cruiser 7000;100;0;8500;1
Kumho;;Kumho Solus KH17;100;0;5350;1
General Motors;;General Motors Motor Oil Dexos 2;100;0;3500;1
Nissan;;Nissan Motor Oil;100;0;2780;1
Mobil;;Моторное масло Mobil Super 3000 X1 SAE 5W-40 (4л);100;0;1850;1
Mobil;;Mobil Super 3000 X1 5W-40 4Л;100;0;1950;1
BMW;;BMW Quality Loglife-04;100;0;750;1
Castrol;;Castrol Magnatec 5W-30 A3/B4 4Л;100;0;2000;1
Castrol;;Castrol EDGE 5W-30 1L;100;0;500;1
Лукойл;;Моторное масло Лукойл Стандарт 15W-40, 4л;100;0;1500;1
Liqui moly;;Liqui moly Минеральное моторное масло;100;0;2350;1
Zic;;Zic Моторное масло A 10w40 SM;100;0;2450;1
BP;;BP Visco 3000 A3/B4 10W-40;100;0;1900;1
Лукойл;;Масло Лукойл Люкс 10W40, 5л;100;0;2250;1
G-Energy;;Моторное масло G-Energy F Synth 5W-40, 4л;100;0;2550;1
G-Energy;;Моторное масло G-Energy F Synth EC 5W-30, 1л;100;0;1200;1
Motul;;Motul 8100 Х-Clean;100;0;1400;1
Shell;;Shell 5W-40 / Helix Ultra 4L;100;0;3500;1
Castrol;;Castrol Magnatec Diesel 10W-40 B4 4L;100;0;2500;1
Texaco;;Texaco Havoline Energy 5W-30;100;0;1750;1
ENEOS;;Трансмиссионное масло ENEOS 75W90 GEAR GL-5, 4 л;100;0;1500;1
Alutec;;Alutec Blizzard;100;0;4500;1
BANTAJ;;BANTAJ BJ9655;100;0;2500;1
OZ Racing;;OZ Racing Michelangelo 8;100;0;4700;1
Racing Wheels;H495;Racing Wheels H-495;100;0;3500;1
Replica;B58;Replica B58;100;0;3800;1
Replica;VW28;Replica VW28;100;0;3500;1
Tech-Line;;Tech-Line 706;100;0;3750;1
X-Race;AF02;X-Race AF-02;100;0;4000;1
